id	gene	sample	depth	alt_reads	vaf_pct	alt_fwd	alt_rev	alt_within10bp_of_read_end	alt_mean_mapq
C1	H1-2	T0_tumor	91	10	11.0	8	2	0	60
C5	ATRX	T0_tumor	15	0	0.0	0	0	0	NA
C2	DOT1L	T0_tumor	8	0	0.0	0	0	0	NA
C3	ROBO2	T0_tumor	55	0	0.0	0	0	0	NA
C8	MAP2	T0_tumor	13	8	61.5	4	4	0	60
C7	ZNRF3	T0_tumor	12	0	0.0	0	0	0	NA
C6	ROS1	T0_tumor	40	0	0.0	0	0	0	NA
C9	FGFR3	T0_tumor	9	0	0.0	0	0	0	NA
C10	USH2A	T0_tumor	40	15	37.5	10	5	3	60
C11	ODF1	T0_tumor	52	5	9.6	0	5	0	60
C4	CDKN2B-PARD3B	T0_tumor	62	split=10;discordant=8;union=13	21.0				
C1	H1-2	T0_blood	38	0	0.0	0	0	0	NA
C5	ATRX	T0_blood	20	0	0.0	0	0	0	NA
C2	DOT1L	T0_blood	41	0	0.0	0	0	0	NA
C3	ROBO2	T0_blood	47	0	0.0	0	0	0	NA
C8	MAP2	T0_blood	47	0	0.0	0	0	0	NA
C7	ZNRF3	T0_blood	32	0	0.0	0	0	0	NA
C6	ROS1	T0_blood	33	0	0.0	0	0	0	NA
C9	FGFR3	T0_blood	36	0	0.0	0	0	0	NA
C10	USH2A	T0_blood	37	0	0.0	0	0	0	NA
C11	ODF1	T0_blood	41	0	0.0	0	0	0	NA
C4	CDKN2B-PARD3B	T0_blood	33	split=0;discordant=0;union=0	0.0				
C1	H1-2	T1_tumor	108	9	8.3	5	4	0	60
C5	ATRX	T1_tumor	66	2	3.0	1	1	0	60
C2	DOT1L	T1_tumor	62	12	19.4	6	6	3	60
C3	ROBO2	T1_tumor	124	13	10.5	5	8	1	60
C8	MAP2	T1_tumor	80	24	30.0	6	18	0	60
C7	ZNRF3	T1_tumor	57	3	5.3	1	2	0	60
C6	ROS1	T1_tumor	94	6	6.4	3	3	2	60
C9	FGFR3	T1_tumor	66	0	0.0	0	0	0	NA
C10	USH2A	T1_tumor	117	0	0.0	0	0	0	NA
C11	ODF1	T1_tumor	82	0	0.0	0	0	0	NA
C4	CDKN2B-PARD3B	T1_tumor	87	split=4;discordant=12;union=14	16.1				
C1	H1-2	T1_blood	57	0	0.0	0	0	0	NA
C5	ATRX	T1_blood	30	0	0.0	0	0	0	NA
C2	DOT1L	T1_blood	48	0	0.0	0	0	0	NA
C3	ROBO2	T1_blood	50	0	0.0	0	0	0	NA
C8	MAP2	T1_blood	70	0	0.0	0	0	0	NA
C7	ZNRF3	T1_blood	57	0	0.0	0	0	0	NA
C6	ROS1	T1_blood	64	0	0.0	0	0	0	NA
C9	FGFR3	T1_blood	59	0	0.0	0	0	0	NA
C10	USH2A	T1_blood	67	0	0.0	0	0	0	NA
C11	ODF1	T1_blood	53	2	3.8	0	2	0	60
C4	CDKN2B-PARD3B	T1_blood	62	split=0;discordant=0;union=0	0.0				
C1	H1-2	T2_tumor	144	7	4.9	4	3	0	60
C5	ATRX	T2_tumor	81	0	0.0	0	0	0	NA
C2	DOT1L	T2_tumor	119	15	12.6	7	8	2	60
C3	ROBO2	T2_tumor	151	22	14.6	14	8	5	60
C8	MAP2	T2_tumor	120	21	17.5	8	13	0	60
C7	ZNRF3	T2_tumor	129	0	0.0	0	0	0	NA
C6	ROS1	T2_tumor	127	0	0.0	0	0	0	NA
C9	FGFR3	T2_tumor	119	4	3.4	3	1	0	60
C10	USH2A	T2_tumor	143	0	0.0	0	0	0	NA
C11	ODF1	T2_tumor	134	0	0.0	0	0	0	NA
C4	CDKN2B-PARD3B	T2_tumor	117	split=3;discordant=12;union=14	12.0				
