sample	gene	curated	look	agree	plain	igv_found	match	review	why	details	report	image
T0_tumor	USH2A	SNV	Consistent so far	Yes	The variant is in the reads: 15 of 40 reads carry A (37.5%).	SNV real	matches	low priority	the reads show the SNV	the reads show the SNV	T0/report.html	T0/figures/igv/C10_USH2A.png
T0_tumor	ODF1	SNV	Look first	No	5 of 52 reads carry T (9.6%), but all supporting reads on one strand (artifact pattern).	SNV not supported	differs	check first: the reads and the curated call differ; all supporting reads on one strand	curated SNV, but chr8:102,560,579 G>T: all supporting reads on one strand (artifact pattern)	curated SNV, but chr8:102,560,579 G>T: all supporting reads on one strand (artifact pattern)	T0/report.html	T0/figures/igv/C11_ODF1.png
T1_tumor	CDKN2B-PARD3B	SV	Consistent so far	Yes	Reads support the rearrangement (split and discordant reads at the breakpoint).	SV real	matches	low priority	the reads show the SV	the reads show the SV	T1/report.html	T1/figures/igv/C4_2_CDKN2B-PARD3B_bp1.png
T1_tumor	MAP2	SNV	Consistent so far	Yes	The variant is in the reads: 29 of 85 reads carry the deletion (34.1%).	SNV real	matches	low priority	the reads show the SNV	the reads show the SNV	T1/report.html	T1/figures/igv/C8_MAP2.png
T1_tumor	ROBO2	SNV	Consistent so far	Yes	The variant is in the reads: 13 of 124 reads carry A (10.5%).	SNV real	matches	low priority	the reads show the SNV	the reads show the SNV	T1/report.html	T1/figures/igv/C3_ROBO2.png
T1_tumor	H1-2	SNV	Consistent so far	Yes	The variant is in the reads: 9 of 108 reads carry the deletion (8.3%).	SNV real	matches	low priority	the reads show the SNV	the reads show the SNV	T1/report.html	T1/figures/igv/C1_H1-2.png
T1_tumor	ROS1	SNV	Look first	No	6 of 94 reads carry T (6.4%), but the normal already carries another allele here.	SNV not supported	differs	check first: the reads and the curated call differ	curated SNV, but chr6:117,301,021 G>T: the normal already carries another allele here	curated SNV, but chr6:117,301,021 G>T: the normal already carries another allele here	T1/report.html	T1/figures/igv/C6_ROS1.png
T1_tumor	DOT1L	SNV	Consistent so far	Yes	The variant is in the reads: 12 of 62 reads carry A (19.4%).	SNV real	matches	low priority	the reads show the SNV	the reads show the SNV	T1/report.html	T1/figures/igv/C2_DOT1L.png
T1_tumor	ZNRF3	SNV	Consistent so far	Yes	The variant is in the reads: 3 of 57 reads carry A (5.3%).	SNV real	matches	low priority	the reads show the SNV	the reads show the SNV	T1/report.html	T1/figures/igv/C7_ZNRF3.png
T1_tumor	ATRX	SNV	Look first	No	Only a few reads carry the variant.	SNV weak	differs	check first: the reads and the curated call differ; few supporting reads; low allele fraction; weak read support	curated SNV, but chrX:77,599,465 C>T: too few supporting reads; under 5% of reads	curated SNV, but chrX:77,599,465 C>T: too few supporting reads; under 5% of reads	T1/report.html	T1/figures/igv/C5_ATRX.png
T2_tumor	FGFR3	SNV	Look first	No	4 of 119 reads carry the deletion (3.4%), but under 5% of reads.	SNV not supported	differs	check first: the reads and the curated call differ; low allele fraction	curated SNV, but chr4:1,805,817 1 bp deletion: under 5% of reads	curated SNV, but chr4:1,805,817 1 bp deletion: under 5% of reads	T2/report.html	T2/figures/igv/C9_FGFR3.png
