sample	gene	type	tool	caller_called	igv_shows	igv_agrees	review	why	location	caller_counts	flags	report
T0_tumor	USH2A	SNV/indel	candidates.vcf	SNV/indel chr1:215,650,752 C>A	15 of 40 reads carry A (37.5%)	yes	low priority	the reads support the call	chr1:215650752			T0/report.html
T0_tumor	ODF1	SNV/indel	candidates.vcf	SNV/indel chr8:102,560,579 G>T	5 of 52 reads carry T (9.6%)	no	check first: IGV does not agree; all supporting reads on one strand	all supporting reads on one strand (artifact pattern)	chr8:102560579		strand_bias	T0/report.html
T1_tumor	CDKN2B-PARD3B	SV	candidates.vcf	SV chr2:205,310,103 <-> chr9:22,007,648 breakend	18 DNA fragments support the rearrangement (12 split reads, 6 discordant pairs, counted at both breakends); 91 DNA fragments (read pairs) at the first breakend	yes	low priority	the reads support the call	chr2:205310103			T1/report.html
T1_tumor	MAP2	SNV/indel	candidates.vcf	SNV/indel chr2:209,694,772 28 bp deletion	29 of 85 reads carry the deletion (34.1%)	yes	low priority	the reads support the call	chr2:209694772			T1/report.html
T1_tumor	ROBO2	SNV/indel	candidates.vcf	SNV/indel chr3:77,607,853 C>A	13 of 124 reads carry A (10.5%)	yes	low priority	the reads support the call	chr3:77607853			T1/report.html
T1_tumor	H1-2	SNV/indel	candidates.vcf	SNV/indel chr6:26,055,824 15 bp deletion	9 of 108 reads carry the deletion (8.3%)	yes	low priority	the reads support the call	chr6:26055824			T1/report.html
T1_tumor	ROS1	SNV/indel	candidates.vcf	SNV/indel chr6:117,301,021 G>T	6 of 94 reads carry T (6.4%)	no	check first: IGV does not agree	the normal already carries another allele here	chr6:117301021		germline_site	T1/report.html
T1_tumor	DOT1L	SNV/indel	candidates.vcf	SNV/indel chr19:2,214,506 G>A	12 of 62 reads carry A (19.4%)	yes	low priority	the reads support the call	chr19:2214506			T1/report.html
T1_tumor	ZNRF3	SNV/indel	candidates.vcf	SNV/indel chr22:29,049,913 G>A	3 of 57 reads carry A (5.3%)	yes	low priority	the reads support the call	chr22:29049913			T1/report.html
T1_tumor	ATRX	SNV/indel	candidates.vcf	SNV/indel chrX:77,599,465 C>T	2 of 66 reads carry T (3.0%)	unclear	check first: few supporting reads; low allele fraction; weak read support	too few supporting reads; under 5% of reads	chrX:77599465		low_support;low_vaf	T1/report.html
T2_tumor	FGFR3	SNV/indel	candidates.vcf	SNV/indel chr4:1,805,817 1 bp deletion	4 of 119 reads carry the deletion (3.4%)	no	check first: IGV does not agree; low allele fraction	under 5% of reads	chr4:1805817		low_vaf	T2/report.html
