sample	gene	type	tool	state	call	location	reads	igv_shows	caller	flags	status	concordance	report	figures
T0_tumor	USH2A	SNV/indel	candidates.vcf		chr1:215,650,752 C>A	chr1:215650752	15/40 (37.5%); normal 0/37	15 of 40 reads carry A (37.5%)			supported	confirmed	T0/report.html	T0/figures/igv/C10_USH2A.png
T0_tumor	ODF1	SNV/indel	candidates.vcf		chr8:102,560,579 G>T	chr8:102560579	5/52 (9.6%); normal 0/41	5 of 52 reads carry T (9.6%)		strand_bias	flagged	questioned	T0/report.html	T0/figures/igv/C11_ODF1.png
T1_tumor	CDKN2B-PARD3B	SV	candidates.vcf	BND	chr2:205,310,103 <-> chr9:22,007,648 breakend	chr2:205310103	18 reads (12 split, 6 pairs) / 84; normal 0/62	18 reads support the rearrangement (12 split, 6 discordant pairs, counted at both breakends); 84 reads cover the first breakend			supported	confirmed	T1/report.html	T1/figures/igv/C4_2_CDKN2B-PARD3B_bp1.png;T1/figures/igv/C4_2_CDKN2B-PARD3B_bp2.png
T1_tumor	MAP2	SNV/indel	candidates.vcf		chr2:209,694,772 28 bp deletion	chr2:209694772	29/85 (34.1%); normal 0/70	29 of 85 reads carry the deletion (34.1%)			supported	confirmed	T1/report.html	T1/figures/igv/C8_MAP2.png
T1_tumor	ROBO2	SNV/indel	candidates.vcf		chr3:77,607,853 C>A	chr3:77607853	13/124 (10.5%); normal 0/50	13 of 124 reads carry A (10.5%)			supported	confirmed	T1/report.html	T1/figures/igv/C3_ROBO2.png
T1_tumor	H1-2	SNV/indel	candidates.vcf		chr6:26,055,824 15 bp deletion	chr6:26055824	9/108 (8.3%); normal 0/57	9 of 108 reads carry the deletion (8.3%)			supported	confirmed	T1/report.html	T1/figures/igv/C1_H1-2.png
T1_tumor	ROS1	SNV/indel	candidates.vcf		chr6:117,301,021 G>T	chr6:117301021	6/94 (6.4%); normal 0/64	6 of 94 reads carry T (6.4%)		germline_site	flagged	questioned	T1/report.html	T1/figures/igv/C6_ROS1.png
T1_tumor	DOT1L	SNV/indel	candidates.vcf		chr19:2,214,506 G>A	chr19:2214506	12/62 (19.4%); normal 0/48	12 of 62 reads carry A (19.4%)			supported	confirmed	T1/report.html	T1/figures/igv/C2_DOT1L.png
T1_tumor	ZNRF3	SNV/indel	candidates.vcf		chr22:29,049,913 G>A	chr22:29049913	3/57 (5.3%); normal 0/57	3 of 57 reads carry A (5.3%)			supported	confirmed	T1/report.html	T1/figures/igv/C7_ZNRF3.png
T1_tumor	ATRX	SNV/indel	candidates.vcf		chrX:77,599,465 C>T	chrX:77599465	2/66 (3.0%); normal 0/30	2 of 66 reads carry T (3.0%)		low_support;low_vaf	insufficient	weak	T1/report.html	T1/figures/igv/C5_ATRX.png
T2_tumor	FGFR3	SNV/indel	candidates.vcf		chr4:1,805,817 1 bp deletion	chr4:1805817	4/119 (3.4%); normal 0/59	4 of 119 reads carry the deletion (3.4%)		low_vaf	flagged	questioned	T2/report.html	T2/figures/igv/C9_FGFR3.png
